<?xml version="1.0" encoding="UTF-8"?><idempiere Name="AD_Form" Version="1.0.0" idempiereVersion="7.1.0.qualifier" DataBaseVersion="2019-11-22" Description="" Author="cVargas" AuthorEmail="" CreatedDate="Wed Apr 08 10:47:43 VET 2020" UpdatedDate="Wed Apr 08 10:47:43 VET 2020" PackOutVersion="100" UpdateDictionary="true" Client="0-SYSTEM-System" AD_Client_UU="11237b53-9592-4af1-b3c5-afd216514b5d">
    <AD_Form type="table">
        <AD_Client_ID>0</AD_Client_ID>
        <AD_Org_ID>0</AD_Org_ID>
        <IsActive>Y</IsActive>
        <Name>FTUCreateInvoiceFromOrder</Name>
        <Description>Create Invoice From Order</Description>
        <Help/>
        <Classname>net.frontuari.ftucfi.webui.apps.form.WCreateFromInvoiceUI</Classname>
        <AccessLevel>3</AccessLevel>
        <EntityType>FTU</EntityType>
        <IsBetaFunctionality>N</IsBetaFunctionality>
        <JSPURL/>
        <AD_Form_UU>df65d957-9742-4eb1-89e3-faa83221b8ee</AD_Form_UU>
        <AD_CtxHelp_ID reference="id"/>
        <AD_Form_Trl type="translation">
            <Help/>
            <Description>Create Invoice From Order</Description>
            <Name>FTUCreateInvoiceFromOrder</Name>
            <AD_Language>es_CO</AD_Language>
            <IsActive>Y</IsActive>
            <IsTranslated>N</IsTranslated>
        </AD_Form_Trl>
        <AD_Form_Trl type="translation">
            <Help/>
            <Description>Create Invoice From Order</Description>
            <Name>FTUCreateInvoiceFromOrder</Name>
            <AD_Language>es_VE</AD_Language>
            <IsActive>Y</IsActive>
            <IsTranslated>N</IsTranslated>
        </AD_Form_Trl>
    </AD_Form>
</idempiere>
